{
 "name": "ModI18N",
 "version": "5.2.0a",
 "styleFileList": [
  "css-base-i18n-fix.css"
 ],
 "scriptFileList_earlyload": [
  "dist/earlyload/earlyload.js"
 ],
 "scriptFileList_inject_early": [
  "dist/i18nLoad.js"
 ],
 "scriptFileList_preload": [
  "dist/preload/preload.js"
 ],
 "scriptFileList": [],
 "tweeFileList": [],
 "imgFileList": [
  "img/misc/locations/banner/banner_snow.png",
  "img/misc/locations/banner/banner_snow_blood.png",
  "img/misc/locations/banner/banner_text.png",
  "img/misc/locations/banner/banner_text_bloodmoon.png",
  "img/misc/old/banner.png"
 ],
 "additionFile": [
  "README.md",
  "i18n.json"
 ],
 "addonPlugin": [
  {
   "modName": "ModLoader DoL ImageLoaderHook",
   "addonName": "ImageLoaderAddon",
   "modVersion": "^2.3.0",
   "params": []
  }
 ],
 "dependenceInfo": [
  {
   "modName": "ModLoader",
   "version": "^2.17.0"
  },
  {
   "modName": "GameVersion",
   "version": "=0.5.2.8"
  },
  {
   "modName": "ModLoader DoL ImageLoaderHook",
   "version": "^2.3.0"
  }
 ]
}